ATF7IP_2A,i,v
ATF7IP_1B,i,v
ATF7IP_1A,i,v
ATF7IP_2B,i,v
CTCF_1A,i,v
CTCF_1B,i,v
CTCF_2A,i,v
CTCF_2B,i,v
ID3_2A,i,v
ID3_1B,i,v
ID3_1A,i,v
ID3_2B,i,v
YBX1_1A,i,v
YBX1_2A,i,v
YBX1_1B,i,v
YBX1_2B,i,v
ZNF207_1A,i,v
ZNF207_1B,i,v
ZNF207_2A,i,v
ZNF207_2B,i,v
NTCi_1A,i,v
NTCi_1B,i,v
NANOG,i,f
OCT4,i,f
SOX2,i,f
BAF60C_1B,a,v
BAF60C_2B,a,v
BAF60C_1A,a,v
BAF60C_2A,a,v
JMJD3_2A,a,v
JMJD3_2B,a,v
JMJD3_1A,a,v
JMJD3_1B,a,v
MEF2C_2B,a,v
MEF2C_1B,a,v
MEF2C_1A,a,v
MEF2C_2A,a,v
MYF5_1A,a,v
MYF5_1B,a,v
MYF5_2A,a,v
MYF5_2B,a,v
MYF6_2A,a,v
MYF6_1B,a,v
MYF6_1A,a,v
MYF6_2B,a,v
MYOG_2A,a,v
MYOG_1B,a,v
MYOG_1A,a,v
MYOG_2B,a,v
PAX7_2A,a,v
PAX7_1B,a,v
PAX7_1A,a,v
PAX7_2B,a,v
NTCa_1A,a,v
NTCa_1B,a,v
MYOD_1,a,f
MYOD_2,a,f